name,brand,categories,reviews.rating,reviews.text
"Amazon Kindle E-Reader 6"" Wifi (8th Generation, 2016)",Amazon,"Computers,Electronics Features,Tablets,Electronics,iPad & Tablets,Kindle E-readers,iPad Accessories,Used:Tablets,E-Readers,E-Readers & Accessories,Computers/Tablets & Networking,Used:Computers Accessories,iPads Tablets,All Tablets,Tablets & E-readers,Computers & Tablets,Amazon,Tablets & eBook Readers",1,"I was looking for a kindle whitepaper. I saw online for $80. What a deal. I ordered it on line and picked it up in the store. I got it home and couldn't adjust the brightness. After a lengthy time with online customer service I called customer service. After 20 minuets with speaking to a female Elmer Fud that doesn't speak english well I figured I would just return it. Although it looks Identical to the $120 model, you can not adjust the brightness. That would have been good information before I bought it."
"Amazon Kindle E-Reader 6"" Wifi (8th Generation, 2016)",Amazon,"Computers,Electronics Features,Tablets,Electronics,iPad & Tablets,Kindle E-readers,iPad Accessories,Used:Tablets,E-Readers,E-Readers & Accessories,Computers/Tablets & Networking,Used:Computers Accessories,iPads Tablets,All Tablets,Tablets & E-readers,Computers & Tablets,Amazon,Tablets & eBook Readers",1,Looking at the picture and seeing it was 8th generation I assumed it would be a great device. I had an original Kindle but I stopped using it because it wasn't backlit. I thought an 8th generation would be backlit and the picture makes it look backlit but it is not. After 25 minutes on the phone with Amazon trying to make it brighter the technician finally realized that 8th generation is not supported with backlights. I took it back to Target and purchased The Paperwhite which was more money but definitely worth it. The 8th generation one is smaller so I assumed that was the reason for the price difference. Target made the experience pleasant.
"Amazon Kindle E-Reader 6"" Wifi (8th Generation, 2016)",Amazon,"Computers,Electronics Features,Tablets,Electronics,iPad & Tablets,Kindle E-readers,iPad Accessories,Used:Tablets,E-Readers,E-Readers & Accessories,Computers/Tablets & Networking,Used:Computers Accessories,iPads Tablets,All Tablets,Tablets & E-readers,Computers & Tablets,Amazon,Tablets & eBook Readers",2,it would not load my books proper. took a dozen tries erasing an dreregistering. screen too dark
"Amazon Kindle E-Reader 6"" Wifi (8th Generation, 2016)",Amazon,"Computers,Electronics Features,Tablets,Electronics,iPad & Tablets,Kindle E-readers,iPad Accessories,Used:Tablets,E-Readers,E-Readers & Accessories,Computers/Tablets & Networking,Used:Computers Accessories,iPads Tablets,All Tablets,Tablets & E-readers,Computers & Tablets,Amazon,Tablets & eBook Readers",2,"The screen is too dark, and cannot adjust the brightness"
"Amazon Echo Show Alexa-enabled Bluetooth Speaker with 7"" Screen",Amazon,"Computers,Amazon Echo,Virtual Assistant Speakers,Audio & Video Components,Electronics Features,Computer Accessories,Home & Tools,See more Amazon Echo Show Smart Assistant - White,Smart Home Automation,Electronics,TVs Entertainment,Speakers,Smart Hub & Kits,Digital Device 3,Consumer Electronics,Wireless Speakers,Home Improvement,Amazon Home,Amazon,Computer Speakers,Voice-Enabled Smart Assistants",2,"I have to say it was a little confusing and frustrating when i was not getting the verification code from amazon , i waited for 20 minutes then i requested another code, nothing... then a nother one... and still nothing , i started to set up the device at 8.30 am and by 11.20 am i was fed up with it.. i had to step away.... after about 5 hours we went shopping and at the mall i recieved about 4 codes from amazon ...."
"Amazon Echo Show Alexa-enabled Bluetooth Speaker with 7"" Screen",Amazon,"Computers,Amazon Echo,Virtual Assistant Speakers,Audio & Video Components,Electronics Features,Computer Accessories,Home & Tools,See more Amazon Echo Show Smart Assistant - White,Smart Home Automation,Electronics,TVs Entertainment,Speakers,Smart Hub & Kits,Digital Device 3,Consumer Electronics,Wireless Speakers,Home Improvement,Amazon Home,Amazon,Computer Speakers,Voice-Enabled Smart Assistants",2,It was a bit more involved getting set up but thereafter the function is simply talking to Alexia. The plug adapter to turn on and off lights TV is useful and certainly worth having.
"Amazon Echo Show Alexa-enabled Bluetooth Speaker with 7"" Screen",Amazon,"Computers,Amazon Echo,Virtual Assistant Speakers,Audio & Video Components,Electronics Features,Computer Accessories,Home & Tools,See more Amazon Echo Show Smart Assistant - White,Smart Home Automation,Electronics,TVs Entertainment,Speakers,Smart Hub & Kits,Digital Device 3,Consumer Electronics,Wireless Speakers,Home Improvement,Amazon Home,Amazon,Computer Speakers,Voice-Enabled Smart Assistants",1,Purchased this device at launch (2 pack for $384.xx) and now YouTube doesn't work. YouTube was one of the main features that I used. Without YouTube you'll be better off buying the $40 Echo Dot instead.
"Amazon Echo Show Alexa-enabled Bluetooth Speaker with 7"" Screen",Amazon,"Computers,Amazon Echo,Virtual Assistant Speakers,Audio & Video Components,Electronics Features,Computer Accessories,Home & Tools,See more Amazon Echo Show Smart Assistant - White,Smart Home Automation,Electronics,TVs Entertainment,Speakers,Smart Hub & Kits,Digital Device 3,Consumer Electronics,Wireless Speakers,Home Improvement,Amazon Home,Amazon,Computer Speakers,Voice-Enabled Smart Assistants",2,I bought these as a gift for my adult kids to video chat while in college. The second best feature was YouTube. Amazon just sell google home and chromcast for goodness sakes!
"Amazon Echo Show Alexa-enabled Bluetooth Speaker with 7"" Screen",Amazon,"Computers,Amazon Echo,Virtual Assistant Speakers,Audio & Video Components,Electronics Features,Computer Accessories,Home & Tools,See more Amazon Echo Show Smart Assistant - White,Smart Home Automation,Electronics,TVs Entertainment,Speakers,Smart Hub & Kits,Digital Device 3,Consumer Electronics,Wireless Speakers,Home Improvement,Amazon Home,Amazon,Computer Speakers,Voice-Enabled Smart Assistants",2,Not a very responsive program. Very limited information program. Not user friendly.
"Amazon Echo Show Alexa-enabled Bluetooth Speaker with 7"" Screen",Amazon,"Computers,Amazon Echo,Virtual Assistant Speakers,Audio & Video Components,Electronics Features,Computer Accessories,Home & Tools,See more Amazon Echo Show Smart Assistant - White,Smart Home Automation,Electronics,TVs Entertainment,Speakers,Smart Hub & Kits,Digital Device 3,Consumer Electronics,Wireless Speakers,Home Improvement,Amazon Home,Amazon,Computer Speakers,Voice-Enabled Smart Assistants",1,"I waited a couple months to review giving Amazon time to make this product equal to the SONY Dash from nearly a decade ago, it isn't the screen provides nothing of value and you can't turn of amazon tips! you have near zero customization can't even move the clock to the other side of the screen. And something that a sony dash did nearly 10 years ago pandora or prime music as an alarm! seriously this is the biggest fail! Run away from this half baked Amazon disaster!"
"Amazon Echo Show Alexa-enabled Bluetooth Speaker with 7"" Screen",Amazon,"Computers,Amazon Echo,Virtual Assistant Speakers,Audio & Video Components,Electronics Features,Computer Accessories,Home & Tools,See more Amazon Echo Show Smart Assistant - White,Smart Home Automation,Electronics,TVs Entertainment,Speakers,Smart Hub & Kits,Digital Device 3,Consumer Electronics,Wireless Speakers,Home Improvement,Amazon Home,Amazon,Computer Speakers,Voice-Enabled Smart Assistants",1,qc is really bad on this product and does not catch the voice properly.
"Amazon Echo Show Alexa-enabled Bluetooth Speaker with 7"" Screen",Amazon,"Computers,Amazon Echo,Virtual Assistant Speakers,Audio & Video Components,Electronics Features,Computer Accessories,Home & Tools,See more Amazon Echo Show Smart Assistant - White,Smart Home Automation,Electronics,TVs Entertainment,Speakers,Smart Hub & Kits,Digital Device 3,Consumer Electronics,Wireless Speakers,Home Improvement,Amazon Home,Amazon,Computer Speakers,Voice-Enabled Smart Assistants",1,"Worthless, except as a regular echo and a poor excuse for video chat. I love my echo devices, bathroom, pool, kitchen, other places where I may need hands free, voice activated music and info. My wife bought me the 'newest, hottest' thing. I was skeptical but then thought I would use it to help on a project. Me ""Alexa find videos on f450 drone"" Alexa ""YouTube is not available"". Amazon won't directly sell chrome products, youtube won't play on echo show. Further testing shows the video call is more limited than iPhone or Android apps for video. So the most useful thing now is the same voice functions that my echos and dots perform. Unless I want to make all of my video calls and check the weather from a device I can move no more than 3 feet from an outlet."
"Amazon Echo Show Alexa-enabled Bluetooth Speaker with 7"" Screen",Amazon,"Computers,Amazon Echo,Virtual Assistant Speakers,Audio & Video Components,Electronics Features,Computer Accessories,Home & Tools,See more Amazon Echo Show Smart Assistant - White,Smart Home Automation,Electronics,TVs Entertainment,Speakers,Smart Hub & Kits,Digital Device 3,Consumer Electronics,Wireless Speakers,Home Improvement,Amazon Home,Amazon,Computer Speakers,Voice-Enabled Smart Assistants",2,Needs to be a stand alone device. I should have not required to use a tablet of Cell phone to make it work. Amazon needs to work on the technology on device.
"Amazon Echo Show Alexa-enabled Bluetooth Speaker with 7"" Screen",Amazon,"Computers,Amazon Echo,Virtual Assistant Speakers,Audio & Video Components,Electronics Features,Computer Accessories,Home & Tools,See more Amazon Echo Show Smart Assistant - White,Smart Home Automation,Electronics,TVs Entertainment,Speakers,Smart Hub & Kits,Digital Device 3,Consumer Electronics,Wireless Speakers,Home Improvement,Amazon Home,Amazon,Computer Speakers,Voice-Enabled Smart Assistants",2,Not sure will be keeping this. Worried about hacks that allow active mic.
"Amazon Echo Show Alexa-enabled Bluetooth Speaker with 7"" Screen",Amazon,"Computers,Amazon Echo,Virtual Assistant Speakers,Audio & Video Components,Electronics Features,Computer Accessories,Home & Tools,See more Amazon Echo Show Smart Assistant - White,Smart Home Automation,Electronics,TVs Entertainment,Speakers,Smart Hub & Kits,Digital Device 3,Consumer Electronics,Wireless Speakers,Home Improvement,Amazon Home,Amazon,Computer Speakers,Voice-Enabled Smart Assistants",1,"Less than useless Does not work with Amazon CloudCam. I purchased this from Best Buy to allow me to monitor my two Cloud Cams from my kitchen. I am VERY tech savvy and have numerous Alexa devices but have been unable to get it to work. I tried installing and enabling the Amazon CloudCam Skill, made sure there were no new updates for the Show (the Show automatically updated when I first plugged it in). The final straw was when the tech support rep told me you can‚Äôt use the Show with the CloudCam‚Äîand then was unable to connect me with someone who could actually solve the problem. Useless is no help; less than useless actually makes more work. The Echo Show is less than useless."
"Amazon Echo Show Alexa-enabled Bluetooth Speaker with 7"" Screen",Amazon,"Amazon Echo,Virtual Assistant Speakers,Electronics Features,Home & Tools,Smart Home Automation,TVs Entertainment,Speakers,Smart Hub & Kits,Digital Device 3,Wireless Speakers,Smart Home,Home Improvement,Voice Assistants,Amazon Home,Amazon",2,Not a very responsive program. Very limited information program. Not user friendly.
"Amazon Echo Show Alexa-enabled Bluetooth Speaker with 7"" Screen",Amazon,"Amazon Echo,Virtual Assistant Speakers,Electronics Features,Home & Tools,Smart Home Automation,TVs Entertainment,Speakers,Smart Hub & Kits,Digital Device 3,Wireless Speakers,Smart Home,Home Improvement,Voice Assistants,Amazon Home,Amazon",1,"Less than useless Does not work with Amazon CloudCam. I purchased this from Best Buy to allow me to monitor my two Cloud Cams from my kitchen. I am VERY tech savvy and have numerous Alexa devices but have been unable to get it to work. I tried installing and enabling the Amazon CloudCam Skill, made sure there were no new updates for the Show (the Show automatically updated when I first plugged it in). The final straw was when the tech support rep told me you can‚Äôt use the Show with the CloudCam‚Äîand then was unable to connect me with someone who could actually solve the problem. Useless is no help; less than useless actually makes more work. The Echo Show is less than useless."
"Amazon Echo Show Alexa-enabled Bluetooth Speaker with 7"" Screen",Amazon,"Amazon Echo,Virtual Assistant Speakers,Electronics Features,Home & Tools,Smart Home Automation,TVs Entertainment,Speakers,Smart Hub & Kits,Digital Device 3,Wireless Speakers,Smart Home,Home Improvement,Voice Assistants,Amazon Home,Amazon",2,Needs to be a stand alone device. I should have not required to use a tablet of Cell phone to make it work. Amazon needs to work on the technology on device.
"Amazon Echo Show Alexa-enabled Bluetooth Speaker with 7"" Screen",Amazon,"Amazon Echo,Virtual Assistant Speakers,Electronics Features,Home & Tools,Smart Home Automation,TVs Entertainment,Speakers,Smart Hub & Kits,Digital Device 3,Wireless Speakers,Smart Home,Home Improvement,Voice Assistants,Amazon Home,Amazon",2,"I have to say it was a little confusing and frustrating when i was not getting the verification code from amazon , i waited for 20 minutes then i requested another code, nothing... then a nother one... and still nothing , i started to set up the device at 8.30 am and by 11.20 am i was fed up with it.. i had to step away.... after about 5 hours we went shopping and at the mall i recieved about 4 codes from amazon ...."
Amazon - Echo Plus w/ Built-In Hub - Silver,Amazon,"Amazon Echo,Smart Home,Networking,Home & Tools,Home Improvement,Smart Home Automation,Voice Assistants,Amazon Home,Amazon,Smart Hub & Kits,Digital Device 3",2,"Waste of money, ask Alexa a question and you are lucky if you get an answer instead of I'm not sure."
Amazon - Echo Plus w/ Built-In Hub - Silver,Amazon,"Amazon Echo,Smart Home,Networking,Home & Tools,Home Improvement,Smart Home Automation,Voice Assistants,Amazon Home,Amazon,Smart Hub & Kits,Digital Device 3",2,This does not give great answers and the connection is not that great. Exchanging for a GOOGLE Home
Amazon - Echo Plus w/ Built-In Hub - Silver,Amazon,"Amazon Echo,Smart Home,Networking,Home & Tools,Home Improvement,Smart Home Automation,Voice Assistants,Amazon Home,Amazon,Smart Hub & Kits,Digital Device 3",2,We returned it. Could not give answers to our questions even though the answers were easily found on google.
Amazon - Echo Plus w/ Built-In Hub - Silver,Amazon,"Amazon Echo,Smart Home,Networking,Home & Tools,Home Improvement,Smart Home Automation,Voice Assistants,Amazon Home,Amazon,Smart Hub & Kits,Digital Device 3",2,I really like the echo plus and the hue light bulb does work on the echo plus but I had to buy a bridge from Phillips in order to schedule on off schedule times for the light. I thought the Echo Plus was like a bridge but I guess it isn‚Äôt.
Amazon - Echo Plus w/ Built-In Hub - Silver,Amazon,"Amazon Echo,Smart Home,Networking,Home & Tools,Home Improvement,Smart Home Automation,Voice Assistants,Amazon Home,Amazon,Smart Hub & Kits,Digital Device 3",2,"She could perform some tasks ,but most things she didn't know. So agrivating."
Amazon - Echo Plus w/ Built-In Hub - Silver,Amazon,"Amazon Echo,Smart Home,Networking,Home & Tools,Home Improvement,Smart Home Automation,Voice Assistants,Amazon Home,Amazon,Smart Hub & Kits,Digital Device 3",1,Returned product cause I did not like it and really had no use for it
Amazon - Echo Plus w/ Built-In Hub - Silver,Amazon,"Amazon Echo,Smart Home,Networking,Home & Tools,Home Improvement,Smart Home Automation,Voice Assistants,Amazon Home,Amazon,Smart Hub & Kits,Digital Device 3",2,Too difficult to setup not compatible with other equipment
Amazon - Echo Plus w/ Built-In Hub - Silver,Amazon,"Amazon Echo,Smart Home,Networking,Home & Tools,Home Improvement,Smart Home Automation,Voice Assistants,Amazon Home,Amazon,Smart Hub & Kits,Digital Device 3",2,"HUB is almost useless. Ended up using spare Philips HUB. The HUB built in would only ""discover"" 2 out of 12 bulbs. 3 days of trying. HUE bridge 12 out of 12 first try."
"Fire Kids Edition Tablet, 7 Display, Wi-Fi, 16 GB, Green Kid-Proof Case",Amazon,"Fire Tablets,Tablets,All Tablets,Amazon Tablets,Computers & Tablets",1,"Would not take a charge, good thing i tried before wrapping it for Christmas."
"Fire Kids Edition Tablet, 7 Display, Wi-Fi, 16 GB, Blue Kid-Proof Case",Amazon,"Computers,Fire Tablets,Electronics Features,Computer Accessories,Tablets,Top Rated,Amazon Tablets,Electronics,Kids' Tablets,iPad & Tablets,Cases & Bags,Electronics, Tech Toys, Movies, Music,Computers & Tablets",1,"Cumbersome, complicated and not kid friendly..... went with Apple, suggesting you do too."
"Fire Tablet, 7 Display, Wi-Fi, 16 GB - Includes Special Offers, Black",Amazon,"Fire Tablets,Computers/Tablets & Networking,Tablets,All Tablets,Amazon Tablets,Frys,Computers & Tablets,Tablets & eBook Readers",2,"Can't really give a full review since the Kindle Fire seemed to work properly, however, the security, Webroot Anywhere, that was included was impossible to install. I tried calling Geek Squad 4 times for support and was disconnected EVERY time. I finally went to store for instructions which they printed off but still would not download. I've ended up buying an iPad which is fantastic and would not buy again from BestBuy."
"All-New Fire HD 8 Tablet, 8 HD Display, Wi-Fi, 32 GB - Includes Special Offers, Blue",Amazon,"Fire Tablets,Tablets,All Tablets,Amazon Tablets,Computers & Tablets",1,"Bought this mostly as a backup.and to read a few books, since I have a larger cell phone and a back up. Used it occasionally may 40 or 50 hours of use till this week when I sent my laptop in for repairs. so I probably used it a tot this week. I was watching my 3rd Primetime video this week and it simply turned off. It will not turn on using any power trick such as safe mode. It is gone, It is toast. Bought it October 11, 2016 , It quit on February 9, 2015. My old Fire lasted 4 or 5 years with more use. it had stereo speakers, lasted a week on a charge not 2 or 3 days.Sturdier built. This is full of junk, I am not just offered more apps, it is constantly trying to add them. JUNK JUNK JUNK"
"Fire Tablet, 7 Display, Wi-Fi, 16 GB - Includes Special Offers, Black",Amazon,"Fire Tablets,Computers/Tablets & Networking,Tablets,All Tablets,Amazon Tablets,Frys,Computers & Tablets,Tablets & eBook Readers",1,"I bought this product 4 months back. It is very slow, i can't open any app in 15 seconds. OS is different than others so we can't get normal apps easily. Only one thing i can say is slow slow slow performance. I don't know how to replace it. Need some help from best buy people.I don't know whether i got defective piece or this is the actual performance"
"Fire Kids Edition Tablet, 7 Display, Wi-Fi, 16 GB, Green Kid-Proof Case",Amazon,"Fire Tablets,Tablets,All Tablets,Amazon Tablets,Computers & Tablets",2,I didn't find it useful for my 4yr old daugter so i returned it the other day.All the games in it r so kiddy games.
"All-New Fire HD 8 Tablet, 8 HD Display, Wi-Fi, 32 GB - Includes Special Offers, Blue",Amazon,"Fire Tablets,Tablets,All Tablets,Amazon Tablets,Computers & Tablets",1,"The last 2 models of Kindle HDX 8 have been terrible. We have purchased 2 of each model of Kindle and up until the last 2 models, they have been great. Last years had to be replaced 7 or 8 times and for the same problem. The slot for the SD card is defective. I gave up and bought the newest model. It shuts completely down if you try to plug it in to external speakers and sometimes it shuts down for no reason. It's going back after the first of the year. This is going to be my last year for Kindles unless they make them the same quality as before. Phooey!"
"Fire Kids Edition Tablet, 7 Display, Wi-Fi, 16 GB, Blue Kid-Proof Case",Amazon,"Computers,Fire Tablets,Electronics Features,Computer Accessories,Tablets,Top Rated,Amazon Tablets,Electronics,Kids' Tablets,iPad & Tablets,Cases & Bags,Electronics, Tech Toys, Movies, Music,Computers & Tablets",1,So slow returning mine for something different any suggestions
"Fire Kids Edition Tablet, 7 Display, Wi-Fi, 16 GB, Blue Kid-Proof Case",Amazon,"Computers,Fire Tablets,Electronics Features,Computer Accessories,Tablets,Top Rated,Amazon Tablets,Electronics,Kids' Tablets,iPad & Tablets,Cases & Bags,Electronics, Tech Toys, Movies, Music,Computers & Tablets",1,"The touch and loading the content is very bad, it doesn't respond quickly and it very slow"
"Fire Tablet, 7 Display, Wi-Fi, 16 GB - Includes Special Offers, Black",Amazon,"Fire Tablets,Computers/Tablets & Networking,Tablets,All Tablets,Amazon Tablets,Frys,Computers & Tablets,Tablets & eBook Readers",1,"Difficult to purchase. No stock in 6 stores, no order online or ship to store available. When it did become available it did not work. Once it turned on, I couldn't get any further. I could not log onto wifi network, though other items in my household work. Also the product wouldnt move past setting up the clock. Tried 3 days, gave up and returned the item."
"Fire Kids Edition Tablet, 7 Display, Wi-Fi, 16 GB, Blue Kid-Proof Case",Amazon,"Computers,Fire Tablets,Electronics Features,Computer Accessories,Tablets,Top Rated,Amazon Tablets,Electronics,Kids' Tablets,iPad & Tablets,Cases & Bags,Electronics, Tech Toys, Movies, Music,Computers & Tablets",1,It takes forever to download apps. I'm returning it will be getting something else.
"Fire Kids Edition Tablet, 7 Display, Wi-Fi, 16 GB, Blue Kid-Proof Case",Amazon,"Computers,Fire Tablets,Electronics Features,Computer Accessories,Tablets,Top Rated,Amazon Tablets,Electronics,Kids' Tablets,iPad & Tablets,Cases & Bags,Electronics, Tech Toys, Movies, Music,Computers & Tablets",2,"My 5 year old dropped this from a standing position (about a foot off the ground) and it busted. I had to use the BB warranty to replace it the day after purchase for a fall that the tablet should've been able to handle that is designed for kids. I'm happy with the apps, but definitely not thrilled with the lack of protection that is designed for kids."
"Fire Kids Edition Tablet, 7 Display, Wi-Fi, 16 GB, Green Kid-Proof Case",Amazon,"Fire Tablets,Tablets,All Tablets,Amazon Tablets,Computers & Tablets",2,"Not sure why, but it kept freezing and ended up having to return it. Very disappointing"
"Fire Tablet, 7 Display, Wi-Fi, 16 GB - Includes Special Offers, Black",Amazon,"Fire Tablets,Computers/Tablets & Networking,Tablets,All Tablets,Amazon Tablets,Frys,Computers & Tablets,Tablets & eBook Readers",1,"Purchased for my Father In Law - this was the most frustrating experience. Not user friendly - not friendly at all. Stick with a name brand tablet - Apple, Samsung, etc.. Avoid this device at all costs."
"Fire Kids Edition Tablet, 7 Display, Wi-Fi, 16 GB, Blue Kid-Proof Case",Amazon,"Computers,Fire Tablets,Electronics Features,Computer Accessories,Tablets,Top Rated,Amazon Tablets,Electronics,Kids' Tablets,iPad & Tablets,Cases & Bags,Electronics, Tech Toys, Movies, Music,Computers & Tablets",1,"did not power up...at all. I am so happy that my grand-niece wasn't here and doesn't know about this yet, she would have been crying."
"Fire Kids Edition Tablet, 7 Display, Wi-Fi, 16 GB, Blue Kid-Proof Case",Amazon,"Computers,Fire Tablets,Electronics Features,Computer Accessories,Tablets,Top Rated,Amazon Tablets,Electronics,Kids' Tablets,iPad & Tablets,Cases & Bags,Electronics, Tech Toys, Movies, Music,Computers & Tablets",2,The tablet itself works fine but this is the 2nd one I have gotten with a similar problem. The port seems to come defected. The charger doesn't stay in and it takes a long time to charge. Replaced charger with a brand new one and it still has issues.
"Fire Tablet, 7 Display, Wi-Fi, 16 GB - Includes Special Offers, Black",Amazon,"Fire Tablets,Computers/Tablets & Networking,Tablets,All Tablets,Amazon Tablets,Frys,Computers & Tablets,Tablets & eBook Readers",1,"I bought 2 of the Amazon Fire tablets because the sales guy said that they were great and ran really fast. I have very fast internet and this thing just barely chugs along. If you play a game, it constantly stalls and freezes. The sound quality when I play music is terrible. I was planning on buying one for each of my 9 nieces and nephews if they ran well but now I know that wouldn't work for them because they are horrible."
"Fire Kids Edition Tablet, 7 Display, Wi-Fi, 16 GB, Blue Kid-Proof Case",Amazon,"Computers,Fire Tablets,Electronics Features,Computer Accessories,Tablets,Top Rated,Amazon Tablets,Electronics,Kids' Tablets,iPad & Tablets,Cases & Bags,Electronics, Tech Toys, Movies, Music,Computers & Tablets",2,"I am disappointed that this is not more toddler friendly. It is a kindle inside a kid proof case. You have to set up child locks, etc. My biggest complaint is most of the games that are available you have to be connected to the internet. I wanted something to take to church, in the car, etc."
"Fire Tablet, 7 Display, Wi-Fi, 16 GB - Includes Special Offers, Black",Amazon,"Fire Tablets,Computers/Tablets & Networking,Tablets,All Tablets,Amazon Tablets,Frys,Computers & Tablets,Tablets & eBook Readers",1,"I do not like this Tablet one bit. It has to be registered with Amazon for it to function and it failed every time. I finally had to resort to calling Amazon's customer service, also not an easy task, to get it registered. There seems to be glitch in the programming, because when it failed again, I had to follow the same steps all over again to get it registered. I would highly recommend skipping this tablet and getting one that is not tied to any one company's operations, programming, or software."
"Fire Kids Edition Tablet, 7 Display, Wi-Fi, 16 GB, Blue Kid-Proof Case",Amazon,"Computers,Fire Tablets,Electronics Features,Computer Accessories,Tablets,Top Rated,Amazon Tablets,Electronics,Kids' Tablets,iPad & Tablets,Cases & Bags,Electronics, Tech Toys, Movies, Music,Computers & Tablets",2,It was too slow he didn't put any attention to it. Battery didn't last.
"Fire Kids Edition Tablet, 7 Display, Wi-Fi, 16 GB, Green Kid-Proof Case",Amazon,"Fire Tablets,Tablets,All Tablets,Amazon Tablets,Computers & Tablets",2,"After owning the kids Samsung, this seems confusing to navigate. Also they have returned to using the Samaumg"
"Fire Tablet, 7 Display, Wi-Fi, 16 GB - Includes Special Offers, Black",Amazon,"Fire Tablets,Computers/Tablets & Networking,Tablets,All Tablets,Amazon Tablets,Frys,Computers & Tablets,Tablets & eBook Readers",1,"Too proprietary, the apps my daughter liked I could not install on it for her so basically it was worthless for me and I returned it."
"Fire Tablet, 7 Display, Wi-Fi, 16 GB - Includes Special Offers, Black",Amazon,"Fire Tablets,Computers/Tablets & Networking,Tablets,All Tablets,Amazon Tablets,Frys,Computers & Tablets,Tablets & eBook Readers",1,The protector was not made for the Fire 7 as it was to large and had no directions that were coherent. Worse purchase from Best Buy ever.
"Kindle E-reader - White, 6 Glare-Free Touchscreen Display, Wi-Fi - Includes Special Offers",Amazon,"Office,eBook Readers,Electronics Features,Walmart for Business,Tablets,Electronics,Amazon Ereaders,Office Electronics,iPad & Tablets,Kindle E-readers,All Tablets,Amazon Book Reader,Computers & Tablets",2,it would not load my books proper. took a dozen tries erasing an dreregistering. screen too dark
"Fire Tablet, 7 Display, Wi-Fi, 16 GB - Includes Special Offers, Black",Amazon,"Fire Tablets,Computers/Tablets & Networking,Tablets,All Tablets,Amazon Tablets,Frys,Computers & Tablets,Tablets & eBook Readers",1,Worst product ever. Constantly screwing up and filled with ads you have to pay to remove. Best Buy refused to help when I wanted to return it
"Fire Kids Edition Tablet, 7 Display, Wi-Fi, 16 GB, Green Kid-Proof Case",Amazon,"Fire Tablets,Tablets,All Tablets,Amazon Tablets,Computers & Tablets",1,"The reviews on this on Amazon seemed awesome. Little did I know that there is a chronic problem with the port on these tablets. We just bought this for Christmas and went to charge it for the first time. Nothing. We already loaded (and paid for) several apps, and now we're out that money. Also the charging cord that came with it appears it has been used before - there's some wear at the edge of it. So I went online to see if I could find this issue and there it is - everywhere. This is a problem that has been around for years, but Android - who is the ultimate culprit, has failed to fix it at the source. When you plug in the charger, there's no 'click' so you know it's in place. It just slides in and out. We've had Apple products for several years and never had an issue, then the first Droid product we purchase can't even be charged from the beginning. This will be going back to BestBuy - and will buy another iPad Mini - costs more, but is much much more reliable."
"Fire Kids Edition Tablet, 7 Display, Wi-Fi, 16 GB, Blue Kid-Proof Case",Amazon,"Computers,Fire Tablets,Electronics Features,Computer Accessories,Tablets,Top Rated,Amazon Tablets,Electronics,Kids' Tablets,iPad & Tablets,Cases & Bags,Electronics, Tech Toys, Movies, Music,Computers & Tablets",1,This is just a regular fire tablet that has protective case.
"All-New Fire HD 8 Tablet, 8 HD Display, Wi-Fi, 32 GB - Includes Special Offers, Blue",Amazon,"Fire Tablets,Tablets,All Tablets,Amazon Tablets,Computers & Tablets",1,I bought this because I have ebooks in college. Not only could I not get my ebook. I called the school IT department. They could not either. My semester was already started. The sales representative at the store told me this is what I needed. I ended up buying a tablet from my phone carrier and my ebooks were right there in less than 5 minutes with the schools IT department help.
"Fire Kids Edition Tablet, 7 Display, Wi-Fi, 16 GB, Green Kid-Proof Case",Amazon,"Fire Tablets,Tablets,All Tablets,Amazon Tablets,Computers & Tablets",2,"I bought this Kindle for my 7 year old grand-daughter. I bought a warranty for it. I bought it in August, I have already had to replace it. The charger connection got loose and was not charging. Well, it has happened again. I will need to exchange it again. The problem is that I have to buy the warranty each time. I was going to buy one for her brothers and sister, but I am now rethinking that."
"Fire Tablet, 7 Display, Wi-Fi, 16 GB - Includes Special Offers, Black",Amazon,"Fire Tablets,Computers/Tablets & Networking,Tablets,All Tablets,Amazon Tablets,Frys,Computers & Tablets,Tablets & eBook Readers",1,My first tablet was a Kindle. I was curious about the updated version. Very disappointed
"Fire Kids Edition Tablet, 7 Display, Wi-Fi, 16 GB, Blue Kid-Proof Case",Amazon,"Computers,Fire Tablets,Electronics Features,Computer Accessories,Tablets,Top Rated,Amazon Tablets,Electronics,Kids' Tablets,iPad & Tablets,Cases & Bags,Electronics, Tech Toys, Movies, Music,Computers & Tablets",1,"I didon't care for this tablet, downloading apps outside of Amazon was really confusing."
"Fire Tablet, 7 Display, Wi-Fi, 16 GB - Includes Special Offers, Black",Amazon,"Fire Tablets,Computers/Tablets & Networking,Tablets,All Tablets,Amazon Tablets,Frys,Computers & Tablets,Tablets & eBook Readers",2,"Hi,I ordered this for my daughter who has an extensive liking of tablets. She didnt like it because of lack of google play services and she didnt have the patience to work with it. I knew that the os is only amazon specific but despite the apps that can be downloaded, she was disappointed. I returned it.If you are an avid amazon person, the tablet works great, if you want a google tablet, this isn't for you. I would recommend these for people that want a good decent tablet that they can read and use amazon apps on."
"Fire Tablet, 7 Display, Wi-Fi, 16 GB - Includes Special Offers, Black",Amazon,"Fire Tablets,Computers/Tablets & Networking,Tablets,All Tablets,Amazon Tablets,Frys,Computers & Tablets,Tablets & eBook Readers",2,It's a good device for children because they don't know any better
"Fire Kids Edition Tablet, 7 Display, Wi-Fi, 16 GB, Blue Kid-Proof Case",Amazon,"Computers,Fire Tablets,Electronics Features,Computer Accessories,Tablets,Top Rated,Amazon Tablets,Electronics,Kids' Tablets,iPad & Tablets,Cases & Bags,Electronics, Tech Toys, Movies, Music,Computers & Tablets",2,I bought this tablet for my son and I don't like it. The touch screen is very poor quality. It's hard to move things around on it when he is playing a game. He prefers my iPad than to use his own. I know the iPad quality is probably the best quality but it's way under that! Very frustrating. Will be returning it.
"Fire Tablet, 7 Display, Wi-Fi, 16 GB - Includes Special Offers, Black",Amazon,"Fire Tablets,Computers/Tablets & Networking,Tablets,All Tablets,Amazon Tablets,Frys,Computers & Tablets,Tablets & eBook Readers",1,I I thought the buy For my child bc the kids mode but it was very poor
"Fire Kids Edition Tablet, 7 Display, Wi-Fi, 16 GB, Blue Kid-Proof Case",Amazon,"Computers,Fire Tablets,Electronics Features,Computer Accessories,Tablets,Top Rated,Amazon Tablets,Electronics,Kids' Tablets,iPad & Tablets,Cases & Bags,Electronics, Tech Toys, Movies, Music,Computers & Tablets",2,"Super slow, not of decent quality.I would not buy another. Memory on it is lacking for 8 gig. I will not recommend it to anyone"
"Fire Kids Edition Tablet, 7 Display, Wi-Fi, 16 GB, Green Kid-Proof Case",Amazon,"Fire Tablets,Tablets,All Tablets,Amazon Tablets,Computers & Tablets",2,"So I bought my little guys these tablets... so that I could repossess my IPad. Love the free time app but who could've imagined they wouldn't play NETFLIX!! So now... I'm out the money for the tablet and still don't have my iPad back... and yes, I called Amazon numerous times... they work after the fix, but the next time they go to use them they don't work again... the fix takes several minutes as it's force stopping the app, clearing cache then doing a hard restart... then you have to wait to restart Netflix.... oh and sometimes you have to do it numerous times before it works... if it works at all"
"Fire Tablet, 7 Display, Wi-Fi, 16 GB - Includes Special Offers, Black",Amazon,"Fire Tablets,Computers/Tablets & Networking,Tablets,All Tablets,Amazon Tablets,Frys,Computers & Tablets,Tablets & eBook Readers",2,I can't update Facebook and a few other apps. It's not what I expected.
"Kindle E-reader - White, 6 Glare-Free Touchscreen Display, Wi-Fi - Includes Special Offers",Amazon,"Office,eBook Readers,Electronics Features,Walmart for Business,Tablets,Electronics,Amazon Ereaders,Office Electronics,iPad & Tablets,Kindle E-readers,All Tablets,Amazon Book Reader,Computers & Tablets",2,1st kindle screen failed & had to reboot often. Customer Service couldn't fix. Replaced. 2nd one screen reboots often. Customer service offered replace. Just want one that works. Can't get upgrade replacement
Amazon Tap - Alexa-Enabled Portable Bluetooth Speaker,Amazon,"Amazon Echo,Home Theater & Audio,MP3 MP4 Player Accessories,Electronics,Portable Audio,Compact Radios Stereos,Smart Hubs & Wireless Routers,Featured Brands,Smart Home & Connected Living,Home Security,Kindle Store,Electronic Components,Home Automation,Mobile Bluetooth Speakers,Home, Garage & Office,Amazon Tap,Home,Mobile Speakers,TVs & Electronics,Portable Bluetooth Speakers,Bluetooth & Wireless Speakers,Electronics Features,Frys,Speakers,Mobile,Digital Device 3,Smart Home,Home Improvement,Electronics, Tech Toys, Movies, Music,Smart Home & Home Automation Devices,Smart Hubs,MP3 Player Accessories,Home Safety & Security,Voice Assistants,Amazon Home,Alarms & Sensors,Portable Audio & Electronics,Amazon Devices,Audio,Bluetooth Speakers,MP3 Accessories,All Bluetooth & Wireless Speakers",2,Not too satisfied with the sound and it loses Bluetooth connection no matter what phone I use (either Iphone or Android).
Amazon Tap - Alexa-Enabled Portable Bluetooth Speaker,Amazon,"Amazon Echo,Home Theater & Audio,MP3 MP4 Player Accessories,Electronics,Portable Audio,Compact Radios Stereos,Smart Hubs & Wireless Routers,Featured Brands,Smart Home & Connected Living,Home Security,Kindle Store,Electronic Components,Home Automation,Mobile Bluetooth Speakers,Home, Garage & Office,Amazon Tap,Home,Mobile Speakers,TVs & Electronics,Portable Bluetooth Speakers,Bluetooth & Wireless Speakers,Electronics Features,Frys,Speakers,Mobile,Digital Device 3,Smart Home,Home Improvement,Electronics, Tech Toys, Movies, Music,Smart Home & Home Automation Devices,Smart Hubs,MP3 Player Accessories,Home Safety & Security,Voice Assistants,Amazon Home,Alarms & Sensors,Portable Audio & Electronics,Amazon Devices,Audio,Bluetooth Speakers,MP3 Accessories,All Bluetooth & Wireless Speakers",1,"the speaker voice quality is terrible compare the similar size my logitech UE BOOM.the price is too high, even I got on promotion with $79"
Amazon Tap - Alexa-Enabled Portable Bluetooth Speaker,Amazon,"Amazon Echo,Home Theater & Audio,MP3 MP4 Player Accessories,Electronics,Portable Audio,Compact Radios Stereos,Smart Hubs & Wireless Routers,Featured Brands,Smart Home & Connected Living,Home Security,Kindle Store,Electronic Components,Home Automation,Mobile Bluetooth Speakers,Home, Garage & Office,Amazon Tap,Home,Mobile Speakers,TVs & Electronics,Portable Bluetooth Speakers,Bluetooth & Wireless Speakers,Electronics Features,Frys,Speakers,Mobile,Digital Device 3,Smart Home,Home Improvement,Electronics, Tech Toys, Movies, Music,Smart Home & Home Automation Devices,Smart Hubs,MP3 Player Accessories,Home Safety & Security,Voice Assistants,Amazon Home,Alarms & Sensors,Portable Audio & Electronics,Amazon Devices,Audio,Bluetooth Speakers,MP3 Accessories,All Bluetooth & Wireless Speakers",2,just okay! Product was for my girlfriend. Doesn't appear she uses it much except to steam music. Most of the questions I ask it I get nothing. I like Siri better.
Amazon Tap - Alexa-Enabled Portable Bluetooth Speaker,Amazon,"Amazon Echo,Home Theater & Audio,MP3 MP4 Player Accessories,Electronics,Portable Audio,Compact Radios Stereos,Smart Hubs & Wireless Routers,Featured Brands,Smart Home & Connected Living,Home Security,Kindle Store,Electronic Components,Home Automation,Mobile Bluetooth Speakers,Home, Garage & Office,Amazon Tap,Home,Mobile Speakers,TVs & Electronics,Portable Bluetooth Speakers,Bluetooth & Wireless Speakers,Electronics Features,Frys,Speakers,Mobile,Digital Device 3,Smart Home,Home Improvement,Electronics, Tech Toys, Movies, Music,Smart Home & Home Automation Devices,Smart Hubs,MP3 Player Accessories,Home Safety & Security,Voice Assistants,Amazon Home,Alarms & Sensors,Portable Audio & Electronics,Amazon Devices,Audio,Bluetooth Speakers,MP3 Accessories,All Bluetooth & Wireless Speakers",1,"hard to use, and does not support Guam. online instructions not clear"
Amazon Tap - Alexa-Enabled Portable Bluetooth Speaker,Amazon,"Amazon Echo,Home Theater & Audio,MP3 MP4 Player Accessories,Electronics,Portable Audio,Compact Radios Stereos,Smart Hubs & Wireless Routers,Featured Brands,Smart Home & Connected Living,Home Security,Kindle Store,Electronic Components,Home Automation,Mobile Bluetooth Speakers,Home, Garage & Office,Amazon Tap,Home,Mobile Speakers,TVs & Electronics,Portable Bluetooth Speakers,Bluetooth & Wireless Speakers,Electronics Features,Frys,Speakers,Mobile,Digital Device 3,Smart Home,Home Improvement,Electronics, Tech Toys, Movies, Music,Smart Home & Home Automation Devices,Smart Hubs,MP3 Player Accessories,Home Safety & Security,Voice Assistants,Amazon Home,Alarms & Sensors,Portable Audio & Electronics,Amazon Devices,Audio,Bluetooth Speakers,MP3 Accessories,All Bluetooth & Wireless Speakers",2,"The tap is a great concept, I love my echo so a portable one was that much better. However the sound is pretty terrible, no bass and can be scratchy.. It was a good concept just poor execution."
Amazon Tap - Alexa-Enabled Portable Bluetooth Speaker,Amazon,"Amazon Echo,Home Theater & Audio,MP3 MP4 Player Accessories,Electronics,Portable Audio,Compact Radios Stereos,Smart Hubs & Wireless Routers,Featured Brands,Smart Home & Connected Living,Home Security,Kindle Store,Electronic Components,Home Automation,Mobile Bluetooth Speakers,Home, Garage & Office,Amazon Tap,Home,Mobile Speakers,TVs & Electronics,Portable Bluetooth Speakers,Bluetooth & Wireless Speakers,Electronics Features,Frys,Speakers,Mobile,Digital Device 3,Smart Home,Home Improvement,Electronics, Tech Toys, Movies, Music,Smart Home & Home Automation Devices,Smart Hubs,MP3 Player Accessories,Home Safety & Security,Voice Assistants,Amazon Home,Alarms & Sensors,Portable Audio & Electronics,Amazon Devices,Audio,Bluetooth Speakers,MP3 Accessories,All Bluetooth & Wireless Speakers",2,"This is fun but would not buy again. Not very informative. Keeps say ""I do not understand your question. """
Amazon Tap - Alexa-Enabled Portable Bluetooth Speaker,Amazon,"Amazon Echo,Home Theater & Audio,MP3 MP4 Player Accessories,Electronics,Portable Audio,Compact Radios Stereos,Smart Hubs & Wireless Routers,Featured Brands,Smart Home & Connected Living,Home Security,Kindle Store,Electronic Components,Home Automation,Mobile Bluetooth Speakers,Home, Garage & Office,Amazon Tap,Home,Mobile Speakers,TVs & Electronics,Portable Bluetooth Speakers,Bluetooth & Wireless Speakers,Electronics Features,Frys,Speakers,Mobile,Digital Device 3,Smart Home,Home Improvement,Electronics, Tech Toys, Movies, Music,Smart Home & Home Automation Devices,Smart Hubs,MP3 Player Accessories,Home Safety & Security,Voice Assistants,Amazon Home,Alarms & Sensors,Portable Audio & Electronics,Amazon Devices,Audio,Bluetooth Speakers,MP3 Accessories,All Bluetooth & Wireless Speakers",2,"For the price, you should be able to use as a speaker when talking on the phone. I had to use my daughter's Beats Pill for this function, therefore it's not worth all the hype."
Amazon Tap - Alexa-Enabled Portable Bluetooth Speaker,Amazon,"Amazon Echo,Home Theater & Audio,MP3 MP4 Player Accessories,Electronics,Portable Audio,Compact Radios Stereos,Smart Hubs & Wireless Routers,Featured Brands,Smart Home & Connected Living,Home Security,Kindle Store,Electronic Components,Home Automation,Mobile Bluetooth Speakers,Home, Garage & Office,Amazon Tap,Home,Mobile Speakers,TVs & Electronics,Portable Bluetooth Speakers,Bluetooth & Wireless Speakers,Electronics Features,Frys,Speakers,Mobile,Digital Device 3,Smart Home,Home Improvement,Electronics, Tech Toys, Movies, Music,Smart Home & Home Automation Devices,Smart Hubs,MP3 Player Accessories,Home Safety & Security,Voice Assistants,Amazon Home,Alarms & Sensors,Portable Audio & Electronics,Amazon Devices,Audio,Bluetooth Speakers,MP3 Accessories,All Bluetooth & Wireless Speakers",2,"I'm thinking this must of been a fluke, it never worked. Had to return item but received full refund"
Amazon Tap - Alexa-Enabled Portable Bluetooth Speaker,Amazon,"Amazon Echo,Home Theater & Audio,MP3 MP4 Player Accessories,Electronics,Portable Audio,Compact Radios Stereos,Smart Hubs & Wireless Routers,Featured Brands,Smart Home & Connected Living,Home Security,Kindle Store,Electronic Components,Home Automation,Mobile Bluetooth Speakers,Home, Garage & Office,Amazon Tap,Home,Mobile Speakers,TVs & Electronics,Portable Bluetooth Speakers,Bluetooth & Wireless Speakers,Electronics Features,Frys,Speakers,Mobile,Digital Device 3,Smart Home,Home Improvement,Electronics, Tech Toys, Movies, Music,Smart Home & Home Automation Devices,Smart Hubs,MP3 Player Accessories,Home Safety & Security,Voice Assistants,Amazon Home,Alarms & Sensors,Portable Audio & Electronics,Amazon Devices,Audio,Bluetooth Speakers,MP3 Accessories,All Bluetooth & Wireless Speakers",2,I habe the echo and I bought this one fort my son's room but it's not as user friendly. I wish I would've just bought the other one.
Amazon Tap - Alexa-Enabled Portable Bluetooth Speaker,Amazon,"Amazon Echo,Home Theater & Audio,MP3 MP4 Player Accessories,Electronics,Portable Audio,Compact Radios Stereos,Smart Hubs & Wireless Routers,Featured Brands,Smart Home & Connected Living,Home Security,Kindle Store,Electronic Components,Home Automation,Mobile Bluetooth Speakers,Home, Garage & Office,Amazon Tap,Home,Mobile Speakers,TVs & Electronics,Portable Bluetooth Speakers,Bluetooth & Wireless Speakers,Electronics Features,Frys,Speakers,Mobile,Digital Device 3,Smart Home,Home Improvement,Electronics, Tech Toys, Movies, Music,Smart Home & Home Automation Devices,Smart Hubs,MP3 Player Accessories,Home Safety & Security,Voice Assistants,Amazon Home,Alarms & Sensors,Portable Audio & Electronics,Amazon Devices,Audio,Bluetooth Speakers,MP3 Accessories,All Bluetooth & Wireless Speakers",1,Has a very good Bluetooth speakers sound quality is good but otherwise she's pretty useless when it comes to get answering questions
"Kindle Oasis E-reader with Leather Charging Cover - Merlot, 6 High-Resolution Display (300 ppi), Wi-Fi - Includes Special Offers",Amazon,"eBook Readers,E-Readers & Accessories,Amazon Book Reader,Computers & Tablets,Amazon Ereaders,Kindle E-readers,E-Readers",1,This is not an upgrade by any means! My three year old kindle outperformed Oasis.Battery life better than a week with the lights on lowest setting Magnetic connector is poorly designed and grows weak Two pieces to keep up with; unsnaps constantly Amazon Customer Services promises it will resolved in an update
"Fire HD 10 Tablet, 10.1 HD Display, Wi-Fi, 16 GB - Includes Special Offers, Silver Aluminum",Amazon,"eBook Readers,Fire Tablets,Electronics Features,Tablets,Amazon Tablets,College Ipads & Tablets,Electronics,Electronics Deals,College Electronics,Featured Brands,All Tablets,Computers & Tablets,Back To College,Amazon Devices,Tablets & E-Readers",1,"I am reading positive reviews and wish I could say the same. Best Buy is great, so this is not a reflection on them, just our experience with the product. We have had this product for just over one month and I have had to contact Amazon Support, perform factory resets to get content to show up, and the device is poorly designed as the SD card pops out constantly, which messes with DRM, and does you no good if this happens when you are not connected to the Internet to fix it. We are returning, and spending the extra money for an iPad. Will not purchase another kindle device unfortunately just based on this experience. If you just use the device for reading, maybe this is for you, but trying to download information to SD card and actually being able to access it has been beyond frustrating, as well as having to do factory resets so content owned/ already purchased on Amazon would show up on the device in the library."
"Amazon - Kindle Voyage - 6"" - 4GB - Black",Amazon,"eBook Readers,Electronics Features,Walmart for Business,Tablets,See more Amazon Kindle Voyage (Wi-Fi),Electronics,Office Electronics,iPad & Tablets,Kindle E-readers,E-Readers & Accessories,All Tablets,See more Amazon Kindle Voyage 4GB, Wi-Fi  3G (Unlocked...,Computers & Tablets",1,"My Kindle Voyage is nearly 16 months old and worked perfectly. I kept receiving emails from Amazon about the software update. I switched off airplane mode, switched on wifi and shortly after the screen locked up. I have tried everything with customer support and they now tell me I will have to buy a new one. I am very annoyed. If I had left the software as it was my Kindle Voyage would still be working."
"All-New Fire HD 8 Tablet, 8"" HD Display, Wi-Fi, 16 GB - Includes Special Offers, Magenta",Amazon,"Electronics,iPad & Tablets,All Tablets,Fire Tablets,Tablets,Computers & Tablets",1,"This Kindle is so overloaded with apps that I will never use. Despite what one of Best Buys' associates said, you cannot remove any of the Amazon apps. The apps take up too much of the memory. I have an I Pad and love but bought this as a backup for work. Unfortunately, it bogs down. I also don't like that Amazon wants access to too much info to set up email, so I won't use this for emails either. I will likely sell it on Craig's List for less than half of what I paid for it."
"All-New Fire HD 8 Tablet, 8"" HD Display, Wi-Fi, 16 GB - Includes Special Offers, Magenta",Amazon,"Electronics,iPad & Tablets,All Tablets,Fire Tablets,Tablets,Computers & Tablets",1,I bought this tablet for my 4 year old daughter. Too many advertisements. I would rather pay more and not have a single ad.
"All-New Fire HD 8 Tablet, 8"" HD Display, Wi-Fi, 16 GB - Includes Special Offers, Magenta",Amazon,"Electronics,iPad & Tablets,All Tablets,Fire Tablets,Tablets,Computers & Tablets",1,horrible...just like the other 7 i have owned ONLY due to warranties
"All-New Fire HD 8 Tablet, 8"" HD Display, Wi-Fi, 16 GB - Includes Special Offers, Magenta",Amazon,"Electronics,iPad & Tablets,All Tablets,Fire Tablets,Tablets,Computers & Tablets",2,fire tablet is very powerful for the size and does everything!
"All-New Fire HD 8 Tablet, 8"" HD Display, Wi-Fi, 16 GB - Includes Special Offers, Magenta",Amazon,"Electronics,iPad & Tablets,All Tablets,Fire Tablets,Tablets,Computers & Tablets",1,"was cheap, can not run chrome stuff, returned to store."
"All-New Fire HD 8 Tablet, 8"" HD Display, Wi-Fi, 16 GB - Includes Special Offers, Magenta",Amazon,"Electronics,iPad & Tablets,All Tablets,Fire Tablets,Tablets,Computers & Tablets",2,"I think I downloaded 6 new apps. I wait to surf the web. This thing is so slow to respond. My old refurbished iPad is better. I really only bought it to stream Hulu and Netflix. I'm not excited about lighting up the home screen to find advertisements every day, but I guess you get what you pay for. I wanted inexpensive, I got it! Don't buy this if you are used to using quick responding electronics."
"All-New Fire HD 8 Tablet, 8"" HD Display, Wi-Fi, 16 GB - Includes Special Offers, Magenta",Amazon,"Electronics,iPad & Tablets,All Tablets,Fire Tablets,Tablets,Computers & Tablets",1,Prior to using the device I decided to recharge it to 100% and was shocked to find out that it takes 6 hours. Unless you have a lot of time don't buy this device.
"All-New Fire HD 8 Tablet, 8"" HD Display, Wi-Fi, 16 GB - Includes Special Offers, Magenta",Amazon,"Electronics,iPad & Tablets,All Tablets,Fire Tablets,Tablets,Computers & Tablets",2,"nice size, very clear but randomly shuts off. cant remove unwanted apps from the home screen. if you watch video..it buffers alot and laggs."
"All-New Fire HD 8 Tablet, 8"" HD Display, Wi-Fi, 16 GB - Includes Special Offers, Magenta",Amazon,"Electronics,iPad & Tablets,All Tablets,Fire Tablets,Tablets,Computers & Tablets",2,"I loved this tablet. I did! BUT I did not love that I was being sold ads every time I powered up! I loathe even more that I would have had to pay $15 to discontinue that feature. Amazon if you want $105 dollars for the Kindle Fire, charge it! but don't under price the device, and then flash ads at the the consumer at every opportunity. It is unbecoming of you! I returned this item pronto!"
"All-New Fire HD 8 Tablet, 8"" HD Display, Wi-Fi, 16 GB - Includes Special Offers, Magenta",Amazon,"Electronics,iPad & Tablets,All Tablets,Fire Tablets,Tablets,Computers & Tablets",2,This tablet could be so much better if the apps actually worked decently. The built in Amazon pieces for Prime members is great and work flawlessly. But it's not enough to overcome the terrible app behavior and countless freezes.  They need to take a lesson or two from Apple.
"All-New Fire HD 8 Tablet, 8"" HD Display, Wi-Fi, 16 GB - Includes Special Offers, Magenta",Amazon,"Electronics,iPad & Tablets,All Tablets,Fire Tablets,Tablets,Computers & Tablets",1,I brought this tablet during the Black Friday sale fast forward to Christmas when my 6 year opens it he was happy I set it up for him two days later it crashed never came back on. Blank screen. He was disappointed and so was I .
"All-New Fire HD 8 Tablet, 8"" HD Display, Wi-Fi, 16 GB - Includes Special Offers, Magenta",Amazon,"Electronics,iPad & Tablets,All Tablets,Fire Tablets,Tablets,Computers & Tablets",2,Not a good product short battery life i can only use for 20 minutes
"Brand New Amazon Kindle Fire 16gb 7"" Ips Display Tablet Wifi 16 Gb Blue",Amazon,"Computers/Tablets & Networking,Tablets & eBook Readers,Computers & Tablets,Tablets,All Tablets",2,I can't update Facebook and a few other apps. It's not what I expected.
"Brand New Amazon Kindle Fire 16gb 7"" Ips Display Tablet Wifi 16 Gb Blue",Amazon,"Computers/Tablets & Networking,Tablets & eBook Readers,Computers & Tablets,Tablets,All Tablets",2,"Hard to use, Lots of ads, and Randomly closes apps"
"Brand New Amazon Kindle Fire 16gb 7"" Ips Display Tablet Wifi 16 Gb Blue",Amazon,"Computers/Tablets & Networking,Tablets & eBook Readers,Computers & Tablets,Tablets,All Tablets",1,"Too proprietary, the apps my daughter liked I could not install on it for her so basically it was worthless for me and I returned it."
"Brand New Amazon Kindle Fire 16gb 7"" Ips Display Tablet Wifi 16 Gb Blue",Amazon,"Computers/Tablets & Networking,Tablets & eBook Readers,Computers & Tablets,Tablets,All Tablets",2,"Loved my husbands 4th generation disappointed in my 5th generation. 4th generation has 2 speakers and sound is much louder than the current 5th generation. I purchased this expecting the same quality in sound, or better, since I use the kindle to watch my TV shows."
"Brand New Amazon Kindle Fire 16gb 7"" Ips Display Tablet Wifi 16 Gb Blue",Amazon,"Computers/Tablets & Networking,Tablets & eBook Readers,Computers & Tablets,Tablets,All Tablets",1,My first tablet was a Kindle. I was curious about the updated version. Very disappointed
"Brand New Amazon Kindle Fire 16gb 7"" Ips Display Tablet Wifi 16 Gb Blue",Amazon,"Computers/Tablets & Networking,Tablets & eBook Readers,Computers & Tablets,Tablets,All Tablets",1,Too bad Amazon turned this tablet into a big advertising tool. Many apps dont work and the camera is not good.
"Brand New Amazon Kindle Fire 16gb 7"" Ips Display Tablet Wifi 16 Gb Blue",Amazon,"Computers/Tablets & Networking,Tablets & eBook Readers,Computers & Tablets,Tablets,All Tablets",1,This is not like other android tablets in a bad way.
"Brand New Amazon Kindle Fire 16gb 7"" Ips Display Tablet Wifi 16 Gb Blue",Amazon,"Computers/Tablets & Networking,Tablets & eBook Readers,Computers & Tablets,Tablets,All Tablets",1,"I do not like this Tablet one bit. It has to be registered with Amazon for it to function and it failed every time. I finally had to resort to calling Amazon's customer service, also not an easy task, to get it registered. There seems to be glitch in the programming, because when it failed again, I had to follow the same steps all over again to get it registered. I would highly recommend skipping this tablet and getting one that is not tied to any one company's operations, programming, or software."
"Brand New Amazon Kindle Fire 16gb 7"" Ips Display Tablet Wifi 16 Gb Blue",Amazon,"Computers/Tablets & Networking,Tablets & eBook Readers,Computers & Tablets,Tablets,All Tablets",1,"Difficult to purchase. No stock in 6 stores, no order online or ship to store available. When it did become available it did not work. Once it turned on, I couldn't get any further. I could not log onto wifi network, though other items in my household work. Also the product wouldnt move past setting up the clock. Tried 3 days, gave up and returned the item."
"Brand New Amazon Kindle Fire 16gb 7"" Ips Display Tablet Wifi 16 Gb Blue",Amazon,"Computers/Tablets & Networking,Tablets & eBook Readers,Computers & Tablets,Tablets,All Tablets",1,"Purchased for my Father In Law - this was the most frustrating experience. Not user friendly - not friendly at all. Stick with a name brand tablet - Apple, Samsung, etc.. Avoid this device at all costs."
"Brand New Amazon Kindle Fire 16gb 7"" Ips Display Tablet Wifi 16 Gb Blue",Amazon,"Computers/Tablets & Networking,Tablets & eBook Readers,Computers & Tablets,Tablets,All Tablets",1,"I don't recommend buying this. After 1 month of buying this, it won't charge or turn on."
"Brand New Amazon Kindle Fire 16gb 7"" Ips Display Tablet Wifi 16 Gb Blue",Amazon,"Computers/Tablets & Networking,Tablets & eBook Readers,Computers & Tablets,Tablets,All Tablets",1,Gave it to my granddaughter and she loves it..I want to buy one for myself....
"Brand New Amazon Kindle Fire 16gb 7"" Ips Display Tablet Wifi 16 Gb Blue",Amazon,"Computers/Tablets & Networking,Tablets & eBook Readers,Computers & Tablets,Tablets,All Tablets",1,I bought a Kindle Fire 16GB for my 6 year old son in June. After 4 months the charging port came loose and the device will not charge. Best Buy is aware of the issue and will do nothing about it. Amazon will not warranty their product for more than 90 days and they said the charging ports often break if children are using them! They have no options to fix the device and only offer a small discount if I buy a new one. Amazon does not stand behind this product. They are aware of the defect and continue to sell these.
"Fire HD 8 Tablet with Alexa, 8"" HD Display, 32 GB, Tangerine - with Special Offers",Amazon,"Tablets,Fire Tablets,Computers & Tablets,All Tablets",1,"Bought this mostly as a backup.and to read a few books, since I have a larger cell phone and a back up. Used it occasionally may 40 or 50 hours of use till this week when I sent my laptop in for repairs. so I probably used it a tot this week. I was watching my 3rd Primetime video this week and it simply turned off. It will not turn on using any power trick such as safe mode. It is gone, It is toast. Bought it October 11, 2016 , It quit on February 9, 2015. My old Fire lasted 4 or 5 years with more use. it had stereo speakers, lasted a week on a charge not 2 or 3 days.Sturdier built. This is full of junk, I am not just offered more apps, it is constantly trying to add them. JUNK JUNK JUNK"
"Fire HD 8 Tablet with Alexa, 8"" HD Display, 32 GB, Tangerine - with Special Offers",Amazon,"Tablets,Fire Tablets,Computers & Tablets,All Tablets",1,"The last 2 models of Kindle HDX 8 have been terrible. We have purchased 2 of each model of Kindle and up until the last 2 models, they have been great. Last years had to be replaced 7 or 8 times and for the same problem. The slot for the SD card is defective. I gave up and bought the newest model. It shuts completely down if you try to plug it in to external speakers and sometimes it shuts down for no reason. It's going back after the first of the year. This is going to be my last year for Kindles unless they make them the same quality as before. Phooey!"
"Kindle Oasis E-reader with Leather Charging Cover - Black, 6"" High-Resolution Display (300 ppi), Wi-Fi - Includes Special Offers",Amazon,"Kindle E-readers,Electronics Features,Computers & Tablets,E-Readers & Accessories,E-Readers,eBook Readers",1,This is not an upgrade by any means! My three year old kindle outperformed Oasis.Battery life better than a week with the lights on lowest setting Magnetic connector is poorly designed and grows weak Two pieces to keep up with; unsnaps constantly Amazon Customer Services promises it will resolved in an update
"All-New Fire HD 8 Tablet, 8"" HD Display, Wi-Fi, 32 GB - Includes Special Offers, Black",Amazon,"Fire Tablets,Tablets,Computers/Tablets & Networking,Other Computers & Networking,Computers & Tablets,All Tablets",1,"Bought this mostly as a backup.and to read a few books, since I have a larger cell phone and a back up. Used it occasionally may 40 or 50 hours of use till this week when I sent my laptop in for repairs. so I probably used it a tot this week. I was watching my 3rd Primetime video this week and it simply turned off. It will not turn on using any power trick such as safe mode. It is gone, It is toast. Bought it October 11, 2016 , It quit on February 9, 2015. My old Fire lasted 4 or 5 years with more use. it had stereo speakers, lasted a week on a charge not 2 or 3 days.Sturdier built. This is full of junk, I am not just offered more apps, it is constantly trying to add them. JUNK JUNK JUNK"
"All-New Fire HD 8 Tablet, 8"" HD Display, Wi-Fi, 32 GB - Includes Special Offers, Black",Amazon,"Fire Tablets,Tablets,Computers/Tablets & Networking,Other Computers & Networking,Computers & Tablets,All Tablets",1,"The last 2 models of Kindle HDX 8 have been terrible. We have purchased 2 of each model of Kindle and up until the last 2 models, they have been great. Last years had to be replaced 7 or 8 times and for the same problem. The slot for the SD card is defective. I gave up and bought the newest model. It shuts completely down if you try to plug it in to external speakers and sometimes it shuts down for no reason. It's going back after the first of the year. This is going to be my last year for Kindles unless they make them the same quality as before. Phooey!"
"Fire Tablet with Alexa, 7"" Display, 16 GB, Magenta - with Special Offers",Amazon,"Tablets,Fire Tablets,Electronics,iPad & Tablets,Android Tablets,Computers & Tablets,All Tablets",2,The battery is having more and more trouble holding a charge. I bought the Fire in July and am now having to charge it every day in order to use it. I am not impressed and would not repurchase it.
"Fire Tablet with Alexa, 7"" Display, 16 GB, Magenta - with Special Offers",Amazon,"Tablets,Fire Tablets,Electronics,iPad & Tablets,Android Tablets,Computers & Tablets,All Tablets",1,Very cheap and was not impressed at all never again
"Fire Tablet with Alexa, 7"" Display, 16 GB, Magenta - with Special Offers",Amazon,"Tablets,Fire Tablets,Electronics,iPad & Tablets,Android Tablets,Computers & Tablets,All Tablets",2,"Hard to use, Lots of ads, and Randomly closes apps"
